,sector,pearson_level,spearman_level,pearson_growth,spearman_growth
0,农林消费部门,0.9377544114909868,0.8636363636363636,0.9664676270308585,0.8666666666666665
1,能源供应部门,0.4042549124160433,0.5363636363636364,0.5133188132511424,0.7575757575757575
2,工业消费部门,0.5604774016095888,0.41818181818181827,0.4638304671040111,0.33333333333333326
3,交通消费部门,0.9996244216639818,1.0,0.966588446180733,0.9757575757575757
4,建筑消费部门,0.9895301147316088,0.9833333333333333,0.6249378049505686,0.5714312110592608
5,居民生活消费,0.8776863860195865,0.7142857142857143,0.5975956382527758,0.43316048316960803
